feature_1,feature_2,feature_3,feature_4,feature_5,feature_6,feature_7,feature_8,target
-0.15242343739372444,3.619802776542008,-1.7275185635504344,1.5453280096200073,1.4565576044372248,-1.1840380796976335,-3.003146190647689,1.0358356578739576,1
0.6939799482203481,0.27901767536494815,1.6752229158112721,-0.9586651452986374,-0.904525062595587,0.5194108413686562,-0.004301248398481228,2.463882213600593,0
0.8930496525679521,-1.6776950221819047,0.7366665614349786,-1.2644924404161912,0.229000374338583,0.35879716385896776,1.4743430740487735,-0.46890608233876085,1
-5.166062436901778,-2.108972309550035,0.762927672189633,-1.521347578178466,-5.067787323747726,-0.595812930194042,1.597245744044241,-0.061783286145529415,1
0.8683903448083111,-0.9899701904222984,3.0002325802655245,1.1139856309145406,-1.663581361733148,-0.6619824974215556,0.03580102284918674,1.8962170542654642,0
-2.153434311636386,0.6959306607728403,-0.8546304551096561,-3.1480398283297,0.399203476879741,-0.608342857896184,2.1395675870152524,0.7550987953323194,2
-1.9019429776583672,-2.483772020592137,-0.4819616986120027,-0.9220822099727355,-2.4799521782595884,-1.7590812317344215,-1.2676042633897597,-2.0654739664832573,1
0.1675423856202889,-3.0110551949632653,3.255706749167637,-0.8168423797565777,-3.3376355196813163,-0.7843457000205867,0.1682587945362667,1.2236930957044738,2
-3.3499445063039692,-0.7559467619724073,-1.8352412451869557,-1.8948542640094777,-1.3236730502959306,-0.6713270035445917,0.651492732368202,-1.7278075384698992,2
-1.955378985126758,-1.842995497872868,-1.4435619268684035,-0.07256016752548566,-5.185753267605255,1.289254148509468,-5.132728246864255,-2.0209039091583287,2
0.18396309719994575,-0.5489341242840333,-1.8134392895178773,-2.4740597658027537,1.4428499443076896,0.12737758612801442,0.3906748861848388,-1.6245702235307014,2
-2.9628800740550516,2.7587656097985724,-1.8523473913093194,-1.174888653271251,0.8165528574010855,-1.6597503078705835,0.43305091230124637,0.9584137776676356,0
0.6941077286424842,-2.1889443884117052,2.59191118477935,1.467620667825956,-1.4227534039322935,-1.4489521396380476,0.34335001567357604,0.15002572142526094,2
1.427455593690228,-3.2785911360691062,2.4218498079264044,-1.1362138163370896,-0.188505368961694,-0.26778001525724304,2.7968821636008157,-0.3656310186142939,0
-1.2441631856268884,-0.11907760117952979,-0.4818336479061797,-1.1655235117302414,-2.6626881931878517,0.1385660205055994,-2.71830323538455,0.4225687621784222,2
-0.3343929625430332,-0.97465093691634,-1.6665591148635122,-2.1814560994528787,-1.063587013860094,0.6326747632157179,-2.0393297072377923,-1.4437338112278881,2
-1.3963657416895963,0.11644550624239185,1.5631645135014445,1.4393644405481183,-1.1183504331003695,-2.732897464265804,0.18217759952953405,1.2059814239966111,2
-2.1507549811947024,3.9040844736363316,-1.8791970491310832,2.6112712328291883,-0.34733623916691014,0.18498939241308987,-2.5161488303317645,0.9826179587110488,1
0.9059723885630941,-0.38492538550898325,0.7911727585221483,1.344782519537336,-0.6672477757185376,-1.009190968798635,-1.9351576185740749,0.13987869368230021,1
0.08954900446445324,0.06546401340603782,2.5157577224015695,1.1363458906087347,-2.5375241827028114,-0.5158181634434833,-1.4188798837655887,2.616265469799523,0
-3.2215761576971684,4.620395082292358,-3.0513103898740686,-0.7522607226758965,0.867342281867007,1.0314886904805682,-0.07034655559232328,1.4221260204214652,0
0.001474037836621589,-2.3374309508894062,1.128434482412512,-1.6914578049026239,-1.0125243808655457,0.061334187928483,1.5814322336720115,-0.371174595160076,2
1.0890592123644836,-2.138757566410094,3.342677704437509,-0.16238753664316308,0.1224754424289971,-2.7407635681741667,2.4429465045339995,1.1769208700843257,0
0.1194160520213674,1.1043615894182812,1.3319011142494925,0.8375584756291953,0.014598690564272099,-1.899892610085765,-0.5310530350694449,2.047819959857578,1
-0.01751809331660059,-3.0232054087000613,2.9295571761178243,-1.661084994064907,-0.7988056137414243,-1.1283773855944301,3.8913603928718383,0.5642574789811536,0
1.7973761566274797,-3.258872108111115,3.606361368153018,0.7677310427720474,-0.4649410825689083,-1.3763619145781392,2.3725513631353286,0.16389792870420106,0
1.0291744356387083,0.5572803974251851,-1.568568508962958,-0.9493014779101763,2.3647086691077814,1.6453274878255402,1.0851938216582284,-1.0669407061597485,1
0.9837584739934448,-3.3078191629273515,1.7152887858430346,-0.623818152779088,0.5395573907987548,-0.8603553131010063,3.2424751183584295,-1.4550572920677305,0
-0.56097720004123,0.3642083262762549,2.512123995109962,-0.12847007607156335,-2.4737675693443832,-0.38898229651273386,-0.34704972245653076,3.288694503883259,2
2.2397748223678313,-6.6357448108000385,2.6913897322423495,-1.1340677986902934,-2.3962835606732202,-2.0524213872470844,-0.569696162536576,-2.7145650691928105,1
-3.188407624599342,2.5561726853087263,-2.518174370168405,-4.506453544002294,1.6199414352655142,-0.04739526448901865,2.7618167172016026,1.1268529039113422,2
2.1694624628452646,-1.349116640190219,1.8053360375128737,-1.7313363114927482,-0.0649590170988491,-0.26531136521189624,-0.0525525837789973,1.2413733943257927,0
-1.6332939657128025,-1.690928602322856,0.6837184351657902,1.4575312852303983,-3.481917191233402,0.3510215647083106,-1.0795376503869007,-0.8783389330825515,1
-0.35031835615060514,1.2943164224864012,-0.008358995558792976,0.11833810676615442,0.9671541996853834,2.721402706092565,3.0247080050308934,0.8623739397764809,1
-0.5703779500377932,-3.202051650951151,2.9366344517295855,-2.459525594075094,-1.9334961715187506,-2.021104201182675,2.5082704770957402,0.9477177779126338,0
-1.4997907607189154,-1.1487386166686522,-1.2052767101910953,-0.12216875815192418,0.9025903198346132,-1.7878070608388041,1.5915642664781755,-2.540609011584002,2
0.9527367612029205,-2.7475675569934044,3.633927274720366,1.3908718389155323,-3.6518299412050763,-0.4359826581327517,-1.1555204308403573,1.1602469013389194,2
-0.3355239396580425,-1.3136907166629832,-2.262816960436753,-2.0383978901520736,1.3519151044174595,-0.5185464491888618,0.42986878824204355,-2.9690661752648753,1
-0.46270494578224386,2.640341478224686,-2.0623937774804704,3.0264868064662105,0.9078939291327539,-0.9733105928158202,-3.23743275219049,-0.6877864520837282,1
0.1448579261975842,-1.6428248551831681,-0.4683189695257282,-2.1879464303207614,-1.106149988991173,-1.2626638878924168,-2.117676158147167,-0.8889090029744868,2
-2.1382518326300053,5.027172077555641,-2.990133990609378,1.7152034121937425,1.0086218223762655,-0.340098458160346,-2.803226969590785,1.0719794040166337,1
-0.2728967270826882,-2.4676690988260996,2.1057780924740825,0.18429492520276214,-0.32904293930213546,-2.7718033379895584,2.269895971093237,-0.4433237755610637,2
3.364191666519558,-0.8874514261150861,1.5885063249396656,-1.8442717910562307,0.8993056706118829,0.11998681707071301,-0.5661160066974804,1.414666137404103,0
0.14156229887862637,1.6623782396664046,-2.816508508132175,-0.4499531918312708,2.623082618473258,3.3721057475368257,1.5831473713746744,-1.5196752267538562,1
-0.665218219653249,-1.8529392407844147,-0.7603182913868588,-1.3188670603989292,0.12872656025933016,-0.01399451081805192,1.5192534599186343,-2.1292764857291706,1
-0.39160819731987506,0.28331412362790714,1.8855018746104943,-1.326220042177141,-1.531185582507687,-0.5082267913974156,0.1918566591518167,2.8645447737682264,0
0.017370032325047302,-0.7139672401472613,1.3759122237258845,-1.1745481521996548,-1.36328880568882,0.3688733614115194,0.429576647635334,1.3413169498901423,0
1.4023516406709564,-0.7439903782276368,-2.5943043539446036,-1.9350104570623592,2.22327534249686,1.125387480142332,-0.4046568066723688,-2.8230566844797402,1
-1.5947829432353666,4.772628689604568,-1.555696683195204,2.079117035515831,1.4712157248630784,-1.6105261939451148,-1.7566693498629724,1.971587901460663,1
-3.114122096458189,-2.478602794842527,-0.9500383109778214,-1.1621473100995954,-3.3428651658914044,-2.1459709894202534,-1.7118896730623692,-2.3020335523342847,2
5.066419304827759,-5.752731737295359,3.5629238183876173,0.30597112088909806,1.0991365141342002,-1.1931059585530446,1.822963872834448,-2.1956010875205005,0
-1.5994680070484533,1.4916145415168374,0.5875557962134147,2.592179527642135,-1.4932730546803659,-0.5087400063762288,-0.8704121919679769,1.249693298585771,1
-1.0838519313507229,3.582259840427337,-4.019927814779784,-2.8438902846016565,3.8706078999247997,-0.11542318597041312,0.4422271159479759,-0.2046812412665382,0
-3.2345252628166703,1.7632464782307493,-1.5332819443451464,0.6370083532325483,-1.7734676762120531,-0.004131774621650597,-1.284050944759354,0.18640729092343677,1
3.5887333917935784,-1.5675214011530396,-0.5319146760986723,-1.55696936910621,1.752196830256324,0.8632767605685676,-1.3593556210849407,-1.514942673477593,1
1.8146203117025386,-3.083303545151672,2.2357495121340443,-1.0861767065875279,-0.45408713734983075,-1.0557633417884804,0.9108065693342406,-0.2308408832706188,1
-1.5372826849337757,-0.41968343782819767,0.4591016208008863,-0.9688948555974117,-1.2642623305651024,-2.134755477542035,-0.24775440681179783,0.5791242275258661,1
-1.0722697767741822,3.5323774535118466,-0.5033354287406028,-1.3716681520499798,0.5286721088294426,-1.659870560977033,-1.5077577189124067,3.3125066933191287,0
-2.9260596015885705,1.3491189856371373,-0.8949245840733502,1.2329038077284107,-0.48841817640173746,1.1938703011629213,2.1314436699634927,-0.18733138947464045,0
2.030072733675288,0.6870846578213208,-0.44193426808714337,-0.6970099282927411,2.1273297994290665,2.0312826890417375,0.8567423485820351,0.15996102849199123,1
-0.5604950036786558,1.977987851450629,1.3369441867600214,1.6586291693458035,-0.4021659376693143,-1.0996701451328688,-0.30505883425784097,2.6139107162313087,1
1.5931506350762192,-2.380115363468495,3.59326350831022,0.8497666674308608,-1.2763695810709528,-1.6004888154252805,0.6444159306733834,1.1767768584683893,0
-1.3254795795370906,-0.10833638433698292,0.37568698479058377,-0.11419336258823698,-5.833101795427842,1.0222756707018168,-6.024423688440476,1.6081238639166995,2
0.2881216943724181,-1.6976067844576213,2.747304209300666,0.10530655150412471,-0.4125168124793632,-3.1947485916838825,1.3741829099451337,1.0252039525355034,0
-1.5867439975867024,-0.409414953500219,1.1668028157895785,1.3785977758485912,-3.1454890676948324,-1.319074663257353,-1.9454705050032923,0.8140516448779274,2
1.4243327386842868,1.5352670003184206,-3.3464471990892863,-1.9886996469564566,3.536670075577608,2.279523365283299,-0.008503469846116829,-1.6159359145297618,1
0.9202591335711026,1.173937859072946,-2.490876516551943,-0.6447561080007147,2.7470840500304576,2.6945267123973604,0.9433779866403071,-1.5562894483217766,1
-1.8405615035030534,3.379032300177726,-0.46719156206608076,-0.4002994892635662,0.1579972154326964,-1.754940640221693,-1.003630591463319,2.8423013553377094,0
-2.2101841195079697,-1.3264139927207155,-0.40305661125892445,0.8844673426003586,-0.5277143408461158,1.8974015367224593,3.901195410312777,-2.164230150592441,0
-0.15574027550104197,-2.928813973323962,2.753402438294991,-1.410566035608542,-1.440206654460644,-1.3916165670905678,2.5864004989794336,0.5583584937191196,0
2.3085459875069865,-2.1594153976665584,4.126811246616993,1.5268446935676847,-1.4448924953139062,-1.5935162496827067,-0.18538885668103144,1.7510597957631857,1
-1.3602774867457765,-1.3277504854242508,-0.722051277454187,-1.2932115859405195,-0.5101923260294718,-2.006322310095068,-0.12474550300688803,-1.4500122239151612,2
0.009112049227788521,-1.577883633527813,2.5040858028857813,-1.3589556365927813,-2.5997477324940768,0.18411097168506263,0.39071292604876917,1.9156944007285999,2
-2.080193552345255,3.681109759690201,-2.026009108089272,-1.222061263166633,1.424371543274628,-0.4131228355480707,0.14589547222119625,1.6342439058055254,0
4.454987100508718,-3.3780615804732195,3.855111840760415,-2.842563604704837,2.466327058475648,-5.535203182571342,1.111450725066677,1.2774732064722885,0
-0.49693906177238556,2.3692867566280715,0.1765401785015407,0.6157641820326774,-0.10266585319943067,-0.6280881808049246,-1.233448308033287,2.2461905857068825,1
-0.30626538440315154,3.1355294662158544,-2.78705319269282,-1.4813749176742703,3.5665734928201855,2.499196737245858,2.3315851111506083,0.07142502173429488,1
-1.0132149592517063,-0.23654121115311683,3.0233098324518655,-1.7716021874979435,-2.7791577059807393,-0.8117674867653282,0.7634830363530485,3.8212022765599465,2
3.2603469952710444,-1.081910345751526,-0.7664143472562498,-0.8415073378879256,1.6094410517936968,1.8353687852303142,-1.1406631951435537,-1.5453879580725571,1
0.9062877446491677,-0.6915798644818933,3.1774183509505534,0.4133211499390832,-0.20803736577294707,-1.3346709365373561,1.9336722331989145,2.2609944764855516,0
-1.6213565010575643,-1.6412352101081071,-1.1033313130183116,-0.6202997975149505,-1.4360956411588313,-1.1480560404925642,-0.9864015648951082,-2.1720657548023032,2
-0.14059038365226517,0.4213908883997231,-0.5244877623421926,-1.3988978047573704,1.4775599866656077,-0.693914903493241,1.2727373819691696,0.08065317317867893,0
1.2832726219276174,-1.1319413886184022,2.2519189785828693,-0.08115870879709952,-0.10057173770103867,1.3979402766067506,2.5594493224198027,1.111756111086391,1
1.6237048153764886,-2.8001662791130597,3.041506659020602,-0.6206419651801242,-0.5032568239042814,-1.225815606611932,1.796889719652245,0.6055564684374539,0
-2.5159682314892664,2.8406565697701005,-1.6671264511197352,1.2841325108273713,-0.1980163186256101,-1.089281038360572,-1.5130971438474152,0.5824934377934015,1
-0.8029149103774521,0.8673542593559667,2.672551640048173,0.3117816672074536,-1.991984255450613,-1.416834491807722,-0.09924088325057645,3.6398975028298706,2
-2.501432782440382,1.9946512551896143,-2.526018876095444,-2.7149082825635005,1.7130905597101371,-0.14100364608664695,2.004164006578639,-0.049189624050301806,2
1.6565774474793091,1.1197991521461088,-1.682012380441328,-0.7184348816093591,2.6012269882143944,2.376966590014837,0.5115432160059756,-0.7138112627064979,1
0.7031620744522307,1.3103972145398186,0.3567330847392244,1.7436486822750141,0.08273336869930481,-0.8178772546399207,-2.0208369372854005,1.0384175810660967,1
-1.1394866017271617,1.679880449299504,-1.8930894578941193,2.1585673786386246,0.02266627034787949,-1.2130807941655801,-2.8844756791822466,-0.9929245736981793,1
2.6263767236309636,-0.588650568950281,0.8330446183321352,-0.5171672161053987,1.0078445648923475,2.051619749007952,0.6785233889177917,0.3594687450342644,1
-0.151058808418721,0.4855117034343524,2.1777759272865227,0.26248611293396973,-0.4097280900131335,-1.4596022970212157,1.0387476200524792,2.4969137809847455,0
-0.9799756485432317,-1.1714541448765132,1.3625167876395952,3.652079946327202,-2.779769220774562,-0.3257209456224227,-1.080828268876845,-0.6606327458946757,1
1.5808615772684127,-1.7636379762650136,6.3652733702754745,0.04979702915158346,-2.093789279743505,-5.272807364203155,0.1319147862464003,4.921720632253217,0
1.657797104548501,-4.677663925453104,3.5109539019422087,0.5153836870435125,-2.5331027041603273,0.2837568636442632,1.2562437909504345,-0.7485623063332718,1
-0.29467759526135495,0.13124928178578046,0.6696712348865874,0.8747902444947337,-0.7750479989083865,-1.5900192511782065,-1.1945940610373107,0.6206664987595504,1
0.4012496512911108,-1.460005939168878,2.207962352495783,1.7866075170294278,-3.129518796905255,-0.0696605445076448,-1.9869663059904679,0.767243404675755,2
0.9830143481825464,-0.4691453733976024,1.8514795174787722,1.2784287930566256,-0.10268792798125181,3.5063666693680013,3.332818880751753,0.7998953492426959,1
0.884690808963986,-2.469747289522695,0.24083443541081387,-1.1417381692030886,-0.5879433250071151,-2.697964688230073,-2.01811883020195,-1.4595608618156175,2
2.7239271639481792,-2.540939582982558,0.2950619719907691,-1.437490726594523,0.18729217233902562,0.36704465063079805,-1.2349656507998676,-1.4410658594876702,1
-0.7915373919638745,-1.8810659337134588,0.6998684162021968,-0.9422970701846684,0.24128825162116296,-2.0183271994859693,2.372942471331651,-0.9543656569077759,2
-0.36204285972414507,-0.8543175554701106,1.2785869537187728,-1.3393339962799624,-2.126892780614869,0.607038997212628,-0.08013964355944014,1.324305805581707,2
-0.8093507786763582,-0.1062945973999784,-1.1021612851852272,-1.9735941864517987,-1.9111915906947932,0.9236408883031373,-2.347177766531074,0.005884493160383197,2
-2.4191274062431196,-0.6081566234443696,-1.2467100366919546,-1.1288907743401306,-1.7815072253276625,-0.3936070787023538,-0.6558478366496834,-1.1165225031742176,2
-1.0564034803671989,4.479335330036667,-3.6629162570447393,-2.851886810053423,3.4629189514951575,0.6575479320955575,0.1655394297156949,1.0950418197616656,0
-1.4566791537798989,1.3345015045398876,-3.2937603509287823,-1.2946300126667885,2.292325917704159,2.005136256538023,2.14247598262513,-2.020395200588429,1
0.1879284261554819,-0.6997865723776222,-0.14227810392570372,2.011950281908497,-0.9742043935955762,-0.864272043086492,-2.34906019235842,-1.2788695338836735,1
-0.8701810919849267,4.7060514531404,-3.135498209195426,3.6144470071557495,2.0033546786515584,-0.8752198996510167,-3.623967772050213,-0.18990836157067092,1
0.15004340599935984,0.8202803166344814,0.01021477275482283,-0.35135515805356843,1.1034646188675272,2.6351510171095454,2.835792662756911,0.6127389261680571,1
2.0912565942541024,-3.4760462129087566,0.46536321462640384,-2.1766431483267397,0.30690356836076693,-1.6046014408906948,-0.5646655021573803,-1.9783628692501645,1
-0.4226179656572002,-0.2114937237529913,1.0896683385036592,0.12703363015069802,-0.4504525158420094,0.9761556288272952,2.087194631139213,0.7851118237395467,0
-1.488008334744956,1.826285452482228,0.3859876652133117,0.3912662379342061,-1.1198495688679038,-0.5944608194953171,-0.7347782668289754,2.138532183023983,1
2.5913477242763934,0.6269201101075675,-0.779052083805384,0.00030565480834887637,1.8471352314092369,3.3406153696285323,0.01815824359515661,-0.36765829407539297,1
1.469170018568908,-2.5220512302111326,4.335054969542844,0.5903237735155598,-1.9578702184668173,-2.8601838618655817,-0.03339890360327091,2.007044384057484,0
0.5904150657683791,-0.6040054615744046,1.148950584586831,-2.699830540242255,-0.947888612611814,-0.35770159076064356,-0.43502882980586466,1.789754554045246,0
0.7304481617249761,0.7937959748462202,2.313291035746744,-1.5338415503101925,-0.959589200617917,1.0132804346310507,0.7423584378527218,3.775062443641237,2
1.8403413252944825,-3.56565432896129,3.4596724263938863,0.9867209391695919,-2.3183594723729914,-0.32155138630904445,0.086004576582415,0.10127974081127877,2
1.1897251562052968,-3.6622732993518072,3.2949202540950067,-0.5317647731573101,-1.670707247481392,-0.6469995950666034,1.847847793821968,0.19401040506361844,1
-1.4281808850048694,1.5502259125241422,-1.9390833575117754,2.1705291917168648,-0.7661636073083353,-0.16802641753290226,-2.978231415406998,-1.0227309568924055,1
-0.39093478863997755,0.7706383766106429,0.8001513861186013,-1.1995570670887852,0.8444015556549529,-1.5696775408325507,1.4976078348138502,1.7183882854517236,0
-0.676153063750792,0.23113752673004676,1.128316694466818,2.063426639807961,-1.5393176809938915,-0.6433661443733363,-0.8098093718774434,0.8224442579447155,1
1.77167727134744,-3.014748132134334,3.745844417512269,-0.043782868474183445,-1.215636038675407,-2.282133537729099,0.7210068213329113,1.0495629240752784,0
-0.058345312308341946,-1.2798008981908324,2.849116887450082,-0.015960872512804647,-1.976021330486505,-1.514016148985461,0.42499714403917577,1.8955719251176175,1
1.1315929063619081,-1.1457451418934843,-1.220692387344331,-1.897649188834296,-0.2861548505707091,0.5668736133520891,-2.3319397229185395,-1.34501767763973,2
2.037911380147384,-4.528471690305261,4.296573824469448,-0.137953437591258,-1.3102771352884426,-3.1137045252104865,1.3135986971212128,0.17622304495098795,0
-1.8516260597417327,-0.20731803006638466,-2.3741192501112787,-0.9810847116970032,-2.5194974862516823,2.3912634476355716,-2.476738379122999,-1.6268519461231712,2
0.8123747562110499,-1.3840219911765141,0.46534777751442447,-0.7703581404426261,0.8291338184565733,-2.9612457074024467,-0.30656602453472837,-0.692705113371265,2
-2.226887230213606,3.012299230364369,-2.1761487502674224,0.3289436731037476,1.8704412208656618,3.8607914012641635,4.03173260829392,0.017107197521509798,1
-0.13598314256663835,-3.6408811925341475,3.003882269854289,0.21258231271699668,-3.690380554412555,-0.41125519766826113,0.2745584023933907,0.035357123262937606,1
1.2501071111782607,-4.330872279936564,3.3677611681572825,-0.5108161277854649,-1.3148853822866633,-1.9659388345078845,1.9484631826759324,-0.4556275634944751,0
-0.9179307595942976,-2.2542946455962882,-0.9662921913843221,0.2125293857038162,-3.603814985266396,0.003191512039447675,-4.167157885900483,-2.3540811669751185,2
0.8715180061702361,-0.4844131315343383,0.7591510148750475,-0.7695161064196878,1.2020824840702111,0.5634030723062042,2.386659978345205,0.2805808572600763,1
-0.26309822595157484,-0.5644467899533813,1.6874213696875635,-0.8327643312962093,-1.2919760976025654,0.3292644355061132,1.1887898265790153,1.5962745379840957,0
-1.0807211350233472,1.0544377655249462,-0.6466377350307567,0.7376477988382516,-0.8592783426257398,-0.6886620201864789,-1.846090470178543,0.2860886862491109,1
0.26362591874531516,1.503588806687342,-0.2858493320873288,-2.002996589856454,1.7310012800660317,-1.1605172926836864,0.4454035739508031,1.5812290810724314,0
-3.089127956230795,-1.1843784578009926,-1.7272064015717257,-1.2411745894411756,-3.2514265213530904,0.07705716456420153,-1.918339028132181,-1.7887209480813722,2
-2.4108845217042942,2.132588090467645,-1.7015406671027444,-0.9381517664581632,1.0440066404306125,-0.6871127606346713,1.2223973874699658,0.37041044759392117,0
-1.9193768357015386,0.44288633075627487,0.1137138539138311,-0.6204302832605577,0.24962737131780832,-2.015206094795634,1.7398207173147213,0.5444927192022396,0
-0.6043373196698287,1.9589421588854674,1.4074662993077893,-0.896247776398379,-1.0154757519854158,0.4900032869353419,0.25175647171370397,3.730804700049701,2
1.6472201264002293,-2.986914226406547,2.005083645220014,-1.3280632106670862,0.2848285663222756,0.11369449192823855,2.7816569318716384,-0.4952815664648065,0
2.317140639179807,1.7368233256366348,-1.888615576758705,-1.3004499700234728,2.914387295436943,3.413470091310884,0.15174870577502297,-0.11114410165818889,1
-1.2947413487005055,3.155778344626343,-2.623916497037255,-3.141024694118301,2.95387623332274,-3.6358284496573843,-0.9871971540939493,1.0671153508514224,0
1.820857893769125,-1.9274357236585467,3.3521700667681995,-1.4216859975004656,0.27011685473780944,-4.798760789809916,0.2312012015182613,1.9622325809308272,0
-0.477450970123211,-3.174828900864378,1.2543188576826636,1.1082870761220822,-0.3712813118347419,-3.5202232130504214,1.2523196076795529,-2.2569450945903036,2
1.622948013831046,-2.31595853350584,3.180843289353926,-1.2706863174907759,-0.4627780391609526,-2.0433593520670867,1.2453101774524649,1.4632344994041928,0
-1.6805558269073313,-2.1883256777756435,0.9861418659361036,-0.6127086585903896,0.5128797964862013,-4.176870507089726,3.1560681320085293,-1.2325007144686086,2
0.22469731873984788,-1.959355074267664,-0.21162682367522237,-0.928041264484461,0.47439127684264526,0.4670070183042063,1.8309091545600915,-1.880288038744669,1
-1.535442701002788,3.0535053657075224,-2.4179021249119446,-1.6553765412670964,2.106174435638369,-0.42324073395589945,0.3726948452650458,0.7070214087627353,0
1.091659185746803,1.7986330860945192,-1.6682803098376424,-0.3644283052769838,2.439593738616993,3.413627774131281,1.3215105910503375,-0.21487893561177707,1
2.7678604222170056,-5.3133959108536395,3.155362424667466,-0.9043536585648004,0.460726565248488,-1.052033698225771,3.5718688121487596,-1.7788806884176802,0
2.2954618075840734,-0.38380482613250305,-1.1077888883001108,-1.1241776500349647,1.9270740751397635,2.421279029561762,0.3010353835828854,-1.2701904035911837,1
-3.6724920430241665,-0.03419153948880791,-1.8819194825705816,-2.1889397813674805,-2.518748657962438,0.303833110973057,-0.5974168107412257,-0.7038866159266356,2
3.049370715456171,-2.287298294895613,3.5822470006486173,-0.23882009172051089,-0.4902575314646045,-2.169608722834375,-0.5688703406858646,1.6413913627348689,0
-1.688660536384194,-0.4524237706442477,-0.3203270883596201,-0.3020871020622917,-1.51821688230334,-1.2917149984309009,-0.910069466325657,-0.3893372140755722,1
0.8383766107226975,0.8622381089307267,2.1183829947712587,1.2972551137832307,0.645800056289481,3.1391850681555726,3.9583821552856113,2.1460559373120307,1
-1.6935054402497385,2.3315453631648793,0.8166309053700426,-1.045657040601105,-0.5099934116907643,-0.7499751685508085,0.8054741265984344,3.3921617046695984,2
-0.3568106254078579,-2.1265477285313503,0.675288507693874,-0.8834052159832364,-1.6540706237318807,-1.6838666245403133,-0.9021958982975476,-0.7119129527309263,1
-1.8794531866813111,2.1201569396549025,-3.1139037206656552,0.17123992637008045,0.29537284651428775,-0.8701640590706232,-2.7825337746612813,-1.0931356618724113,1
0.21117172336995726,-2.631190118348797,1.324697535253827,-1.6866697064599494,-1.7386526783527982,-0.08506898822215192,0.4725790812492364,-0.26792698610459187,0
-1.6022686268544235,3.624652326902458,-3.0546672758074065,0.5491841887026372,1.411612227397875,-1.5871467979702716,-2.8435637013260107,0.05987244352415322,1
1.0293495516175932,-0.7799643096442721,0.8689908707535696,-0.8653100232658185,1.005883586821564,-0.7001767354090918,1.332296842548096,0.22696089409486686,0
-0.8365250205867806,4.716008909281486,-2.4972362754575395,2.239307969591231,2.026281336806713,-1.1592696053516582,-2.8653442062699384,0.9248519032420743,1
0.7770805554086931,-3.7294009804045714,-0.1449822883429923,-1.62754733806104,-0.15689678418802888,-1.562867741165853,-0.042749799445139125,-3.020449850015508,1
1.6147692403351894,-0.8129421790279654,2.3716819780222655,-0.34810273716327667,-0.9333090114248883,1.167493283982361,0.5854224736981831,1.8925174279009456,2
-1.2004040825222515,5.751617109001489,-4.616997233119016,-3.415796034189436,4.501826630610023,-0.6637298419332732,-0.8661041846182436,1.4343979761357795,0
-3.183594613639337,5.520110800366967,-5.598136468749396,-2.5511145949338188,3.0154564289780894,0.7115568388011375,-0.6073301942666363,0.11064568966982724,0
-2.327449573992146,-0.8965897644144104,-1.5214548167673554,0.3450295320381245,-0.29093776810763383,-0.8703080912749634,0.911693927093209,-2.5659222725526307,2
0.28546137381852854,-1.2902217364717052,-0.13601808046232267,-1.1511081184588816,0.47797799491246484,0.24479165926253255,1.2882569237758517,-1.0581564427058605,1
0.37034021248254834,-2.1069965887107194,1.1181815741154424,2.4303413938690124,-2.3823079352896634,-0.3819476393952691,-2.0288044058960675,-1.2951531646648498,1
-3.34130215247074,-1.8580168803554546,-2.1423480365987126,-1.5445440469184994,-1.8232850683664703,-1.0461421225406817,-0.12724524421654404,-3.0842320670810874,2
-1.425713746611347,2.2707798968933366,-2.680897922185158,2.663966002129423,0.16791470161905386,-0.7098703836857578,-3.3464186179423727,-1.404734624379906,1
0.177188601864249,-1.4738468039110535,3.0181305239443166,-3.206484258224959,-1.6470886818822614,-3.189018517798037,0.15652944279905612,3.0409632406348757,0
1.2133250656643257,0.2250032961422147,-2.195626058684762,-1.0358094303964602,2.2520270423588338,2.1427490818557637,0.3954809478620378,-1.8978004244057871,1
1.061567240044907,-3.483691293415439,2.210090338677209,-0.645134535982973,-1.1142741543407602,-0.48612891091519805,1.5246910294820817,-0.742120381100475,1
-2.20765966974283,2.8736443492044335,-0.9062191659351937,-0.290491673378913,0.24875876784774453,0.10740876874639205,0.6855786126993366,1.790693908261545,0
-0.6679769308624282,-1.412262647532618,0.13162451269625644,0.9931019703540355,-1.462976192941968,-1.5802429193695957,-1.4424742678471743,-1.2979449819038975,1
1.0051735771602066,2.5936278022162518,-3.2038792742021713,-0.8538741357603397,3.406829543169675,3.796276331927593,0.8017899181191411,-0.9231948866522951,1
0.6252709697798283,5.308529089116657,-5.0141284030378985,-1.490878015265162,5.716417894949396,3.810652882608143,1.0034361497394528,-0.3094571930641613,1
0.37354953479300734,-1.3737628253600962,1.5271832852490659,-1.541960351694172,0.9806006496347512,-2.9975011301700256,1.9867105622129007,0.4910790172893207,0
1.7819925386742503,-1.262269662906607,2.034573128812492,1.1755598860852845,-1.5867426715936144,0.5039440777022937,-1.4493129794337216,0.7747408730798424,0
-0.6058182825248964,-0.02708636137179867,1.4935042447241902,-0.45440389314687424,0.03146817333673346,-1.8279179239182266,1.6741470094720943,1.4809234188900728,0
-1.965494737937775,-0.9839267034195923,-1.3362546392523114,0.19039775950709958,0.07191475738656905,-1.2698288465739402,0.9991686265943771,-2.4670821478835556,2
1.246700307476671,-1.4823851551831908,1.6473780697979545,0.8833949187484769,-1.5733681023087955,-0.3701089022311771,-1.5686153394675735,0.2727534942802108,1
0.6163061002042565,-1.1790081169762048,-2.9726654270662096,-2.381348304828874,1.6894533117275279,-0.3707997407690762,-1.2794498617404826,-3.341580626034959,1
1.5504258794818004,-3.0050898312704044,2.762804770084503,0.0169387192189816,-0.9926067222232804,-0.6029414478773869,1.2577614565925446,0.011886710442855608,0
-2.480008242536721,-1.0933962667235697,-0.5502319373993453,-1.1900344074641591,-1.1882260299564695,-2.314928203728793,0.27886523595515267,-1.0439694337773309,2
-1.5816908174415745,3.263519355567312,-2.1081668218364786,-0.5975498542175195,1.5460703131458178,0.6994814776247242,0.46488770485877495,0.910332461168285,0
-0.09520107733413041,-1.7707101118756192,-1.0667783542420815,0.49452808740609133,0.31200830581652017,-1.1676572167652643,-0.4465422453938579,-2.9631717218564138,2
-0.9068551297507732,-0.6344550857476731,0.06171600189218081,0.4664742688888772,-0.07383288425039436,2.0733778440755137,3.0433183119274902,-0.8776038045614871,0
-3.469654328240516,-1.025423906202096,0.9513812045821983,-1.7577472741308018,-3.8925092440562796,-0.24820350380479084,0.7970655253195111,1.142621792294059,1
-3.698299940567232,4.3166794830706445,-2.503227581346566,-0.29879040731581485,0.7266901066651411,-0.39587460021214116,0.2807784207003651,1.4741632644877187,0
-2.992906182014576,2.0461352572178853,-1.3703567236430594,-4.1827170151699065,2.620229710365183,-1.8508871754409344,4.600711334541709,1.3643610301846365,2
1.0248957305543855,-0.1357175874778542,2.2739669525302557,0.4807940423983066,-1.503637661817597,-0.13433932128949533,-0.9947320353468956,2.2719158842186307,0
-2.108137003458464,2.7375601401293634,-0.5485514402952443,1.917704481681442,-0.9210883273377634,-0.3408388134252759,-1.303680755984086,1.4795154396949972,1
2.099736476958891,-3.0399890528180005,1.326391747573611,-0.7097148253397336,-0.3141721439412154,0.6126113100799528,0.6128262475177995,-1.2081430505375983,0
0.5362087455003544,-0.7890750947483446,1.3409254765651994,-2.5797580245853338,-0.9176040924056361,1.4849214808947502,1.2947648174464264,1.677501386499908,2
-1.5874486415411764,0.9722143491532181,0.791351170895118,0.7657682446605067,-0.7564653626804321,-0.030931201463847646,1.39537246675228,1.4102328346446331,0
-0.0032627590856515454,-2.2341343640360614,2.0501127828184678,-0.3723946955054719,-1.4840356942810837,-1.194106875959183,0.9655476810241252,0.23158206556492988,2
0.048509762400710255,-1.0123630631692608,0.9102755554130153,-1.5790391244642237,-2.031220688733028,1.5617715537175911,-0.22208121334103614,0.918885375470673,2
-0.730064573475251,-0.638358861651933,-1.06683220035607,-1.6152560369692863,-0.20307886986354395,-0.6060295558799321,-0.45570662173512055,-1.0112904501209437,2
1.4059522657343173,-1.4237574513988636,1.4150562491651366,1.0614543356561121,-1.4358407718921624,-2.1931503252383338,-3.1756950152466943,0.0799804688116077,2
-1.473428977089514,-1.2462389896196757,-1.0336637884699085,-1.2886238226182627,-1.0509100669129279,-1.1026599364336995,-0.6540327459503591,-1.5531362803760258,2
0.09817588107877273,0.6235431837201056,2.3590364933905206,3.3633806389258525,-1.4436429764256482,-0.5771319397673523,-0.5507833363388845,1.9066109003963185,1
-2.6263750728585356,0.3214273087529105,0.20777134802318403,0.8226547911677564,-0.9713844447318711,-0.8390788394636292,1.6780262661558702,0.17505640918093046,0
-1.5792293071205943,-1.1712328693824503,-1.4633694976321971,-1.846627896957072,-0.8127573515108946,-0.6443649749003648,-0.35301097658960534,-1.7480311682232348,2
2.967137581334585,-2.388713792960782,1.1408405577047,-3.9255549099247102,0.8021739050025727,-0.9472994103569671,-0.24866718896259887,0.3182333018704929,0
-1.7018910335083897,-0.3881118991972764,1.7382960086451538,-0.7486109966632035,-0.05943527625088396,-3.4467954499123654,2.6013770474233158,1.402467998230617,2
-0.8414411443104959,-1.1904548217010877,0.5319796996523739,0.8994621624635573,-0.5923970685702443,-1.7596138750055452,0.4433314739787324,-0.9176157982740012,2
-2.7900558563158953,0.1399723136887426,-0.29359830113288743,-1.2535557349884108,-1.511833655443781,-1.699791516256456,0.17798066765880205,0.459915449784394,2
2.00097097915721,-2.8469771191290247,2.0271222213168367,-1.5733855098290794,-0.08900101220439871,-0.5019317903344281,1.2255746039444901,-0.09392327968526759,0
-1.5238597053492806,3.032038218563519,-1.4194061240624491,-1.1217816468979245,1.3179155609884508,-0.9360118559244973,0.002206305245427753,1.6165868950978006,0
-2.512153195797455,0.7736720863607919,-0.3641135336946419,0.2640177461762534,-2.506503716016896,0.05925751486966302,-1.265802283728934,0.6912900101631543,2
-0.07860410913194982,-1.66362953926581,1.8029330796379583,0.17757321150228633,-3.538090031461349,0.4516701496312312,-1.7951223203121458,0.8385183388758628,2
-0.3915443149549177,0.0994145118072356,0.5329997570816853,-0.7959150976098832,0.4455337637401968,-1.5870684515687892,0.9019677998910399,0.7658891224031228,0
-0.35871919486201687,1.592915035844635,1.1452180330457717,2.4880007637250428,-0.5735833594255795,-0.8694389534472706,-0.8011829830953636,1.8096834437806462,1
-2.045325666427795,2.2894169219984013,0.30671205821582237,-2.392099419572528,-0.3090354456762462,-0.39593800394983636,1.3925503823056582,3.289288807747008,2
-0.863822004501799,-0.796722835309927,3.6125254006808496,0.8179811183138987,-3.0615676369731006,-2.181957080132239,0.0056644620836245885,2.962415982031983,0
0.8502732729527314,2.917341515203841,2.712853306186692,2.8784153853584815,0.18073936899741705,-1.0681907198512497,-0.38090909893602776,4.345205956033412,1
0.002236442796565541,-3.463074428401499,2.9268099784365575,-1.3552147082937585,-1.5454148598352568,-1.8838809005093629,2.4178107678573637,0.22842996407378846,0
-0.9641051040972703,1.376392951498868,-0.9078793232378687,1.087167472978827,0.022307922640747435,-1.6746577992802913,-1.8743060235783482,0.04355977995424998,1
-0.9920652656943628,-1.2244537080300477,-0.31668648312593234,-0.3529456362799259,-1.9494491078096103,-1.1691215541266902,-2.0108061298080386,-0.9398736421352144,2
2.7801739134253145,-3.14682795642898,3.6218219472964064,0.14719358193818888,-1.0904765642791614,0.5973126669587385,1.314474265673193,0.7417330891669567,1
1.4737118988034892,-5.367879450111805,3.6275615444493226,-0.08914908320031278,-1.1929201056866592,-1.9019995149103432,2.815392509772841,-1.4035082150065352,0
0.36716354807941354,-0.32353744979058013,1.07129037925478,0.2914888174232304,-0.08037245782081026,1.960372982071424,2.223957389998251,0.5643949556440009,1
1.0361105528247911,-0.40221892251972935,-1.9744671084193832,-1.3643322230394022,1.8797858197449808,1.4077127358960677,0.29017919453928886,-2.093918424251135,1
1.8978554797578149,-2.013392828361445,2.817490904967051,0.15512917474987198,-0.6823205463649187,-0.7251159936404534,0.5770580628521744,0.9469176551465159,0
2.2777729000092766,-4.955776753788653,4.682922024777458,1.5553608400376389,-1.8012911083796794,-2.6601034865302253,1.0849052696622639,-0.3839580906683824,0
-1.3975025964301113,-2.307453879782176,2.0824195331597735,-1.5853947280008494,-2.0767449287088438,-0.8055264515627745,2.538083395930677,0.6309135265616179,0
-0.3921284243645542,-2.2893820165302667,0.17303449958285716,-0.09492885314068877,0.034481940853180015,-3.5839313836125646,-0.1022478053423439,-2.0176722765480077,2
-2.1889167599510664,3.4292407313438193,-1.1087228582493083,2.0330931770337983,0.31099549829488016,-1.5769633003055783,-1.2586432682439308,1.3087963693232907,1
-2.8619578938411174,4.638304552076726,-1.4254914209097531,0.30525940212687286,-0.2914640600895868,2.4069989211181406,0.47439943060687095,2.83389041318956,0
1.7058382283148372,-2.5011130526549494,4.067126446955413,-0.303106680450139,-0.7875003866617039,-2.8501020112341364,1.2171996943449328,1.842501524501539,0
0.46728651701641644,-0.1848596353333146,2.986002689193504,1.0396778121058081,-1.3488953820052665,-1.129107598959274,0.2687983559823026,2.5884325102648438,1
-2.864181520063001,1.7988317599267576,-1.6916771580130847,-1.105034728152881,-0.16699770318708684,-2.04695556408831,-0.7083658515607907,0.40991227899314975,1
-4.950291422388108,-1.5926427800752128,-2.4484858898826993,0.40543215115573483,-5.206876653306599,1.0013552918306838,-2.520845245569275,-3.19587710808439,2
-0.08867806233316555,-0.8406116122843037,2.7125863679402555,-0.1961202908003742,-1.1285155166820657,-0.4811805066587834,2.069104592135779,2.02189548525907,0
-2.223461521238287,1.87037821962132,2.175639198399111,-0.9923661457138147,-3.48490271073114,-1.2933176488052482,-1.4523556827361856,4.882970508572866,0
-0.6421812493962088,1.322357177615005,-0.7679314722165695,1.3947271856580161,0.7059368014064531,-2.349860728018184,-1.5397076801555245,-0.11975203791810296,1
3.04478172485762,-3.1648997261091205,2.591336013419031,-2.169082549715739,1.4604731330615572,-1.240400291618284,2.650238753240089,0.06979375974593649,0
-0.21264429318297218,-1.8126425230165,1.3377562520235187,-1.7950794818958824,-1.1051130241993994,-0.2216238885543368,1.49628294451123,0.38214223481929266,2
-2.085856727624658,0.58395233421599,-0.3559611296293325,-2.5119455970664766,-0.49557369462680845,-0.4641456316758362,1.3704603800610784,1.0969181389613394,2
-1.9340263930972157,4.592991897249326,-2.657027386933647,-1.745770931281641,2.0800084009620585,0.04801266336772114,-0.05912109605699456,1.985502503947476,0
-1.9622156178627952,1.0349980118389435,0.729150039263133,0.17946774394618525,-1.943322141986489,-0.34346115438206326,-0.20245641814562687,1.9067815356541022,1
1.6435088619453289,2.34352669864943,-5.522150257210317,-2.8775946957157146,4.861466558331749,1.9730388058889536,-1.6624467358569528,-2.787216495647166,1
-2.016124518221152,-3.045505339410009,0.5853389564973654,-3.297454160995344,0.1215436373426011,-2.9461406227902858,4.191148633548586,-1.4025515946559701,2
-0.4154795883201672,2.5880501291856337,-0.16198126087801284,-1.5210500312268245,1.1090867677673428,-1.4179345787661999,-0.3174064127193721,2.6704399436928457,0
-1.5214869203549508,0.23278375654468247,-2.168849047865316,-2.570951687420818,-0.45229860954339407,1.2077719547783552,-0.3421385110759789,-0.8752576264498615,2
-0.45163072454452957,-0.45433846781548864,1.5223070719493126,-0.3000242786910343,-2.1096541245025877,-0.01698279243131251,-0.40452583588364743,1.5519275320331771,2
-2.231842996875319,2.1085336052500305,4.083263846972917,1.6536136748019281,-3.9494574191100047,-2.0018027944086962,-0.6458137386498921,6.006213467565855,0
-3.077652119832403,7.3235624466874905,-5.102781587728046,-3.314413884151925,3.195842500766037,-0.5149255356746376,-1.7501138418288318,2.61958953032042,0
-1.5737333072292596,1.1258061698618709,-1.4349731567332755,-3.9966531141139168,0.6575132305807458,0.13421410662815458,1.2804541435071983,0.9445197722222101,2
-1.144402161152935,-2.198376198744344,3.648517998522837,1.7532574950000175,-2.031335243346569,-1.6638869624310872,3.2369372103427816,0.9566799752967982,0
-1.4104649320393456,-1.9991214599950649,-0.5007455460884805,0.2663967875561297,-1.1081532766724536,-2.296410240947923,-0.6464463237171394,-2.3368371280605835,2
-0.8200082161116233,-2.0352930159129006,-2.017778311672995,-2.0987025171321756,0.9286879662426135,-1.3216126984031151,0.7058705567923473,-3.356264028464787,2
-0.18057823178770294,-0.364867000794887,-0.0698616197228811,-0.5024025254769087,1.232068091438569,-0.6002504254505864,1.9992842731709568,-0.5562930318170278,0
-0.38799317844521963,0.42881877425511866,0.24227216548558764,1.161080555265674,-1.0652392781599258,-0.595253471517748,-1.6141233320409873,0.4536549288020012,1
0.2533113932514168,-2.9604251034831046,3.052913060956353,-0.29787366266753645,-4.01374994672521,-0.02355187469908404,-0.8568453906321918,1.0575496396333748,2
0.37924336760275046,-1.7671642117081798,2.3834962172759937,0.5359414316564881,-0.6178580614897669,0.02900961063359575,2.63617172353335,0.44322095408522055,0
-1.1562917609287398,0.20708992527775252,0.9072897587695938,0.5801191465038151,-0.5083499044129685,0.9017573708535227,2.456394139778176,0.7944124753415831,0
-0.32344842768574844,-3.8931889507173927,2.6704844483370427,0.5292920278151125,-2.6019622230702506,-2.5187261979594613,0.5334583290943185,-0.8840115308119181,2
-1.373981401562324,6.319721163384259,-5.582846829438298,2.571868969908317,3.302933282182911,-1.0167951429951,-5.00766921539024,-0.838990518169604,1
-4.647263998130574,3.0745124068951437,-1.2930099131645507,-4.73768038699891,-0.8776957931310553,0.2781107654215029,2.4231312892290373,3.3156887162925512,2
-1.2822789499011409,-1.1755920343726018,0.44733378751510666,-0.6487552272782486,-1.352016944317682,-2.758669448954141,-0.7430916427625587,-0.22769974933219328,2
-0.09790792394963066,-0.33480409482138485,2.2768285862382474,-0.13823070019254546,-0.7531419529781473,-1.753097017470254,0.9197260243734089,2.0334619825935487,0
-2.0765804333480666,-0.0654249561525689,1.6431716664449587,-0.19058510501803505,-1.6865974898977258,-2.94874467983165,0.5238775699542788,1.7877348619170326,2
3.392586074783797,-3.0982378645745223,1.9092644910616072,0.07155713390271656,-0.20481183415224402,1.4399486989317212,0.17218118768198742,-0.929918324762308,1
1.7028187226962852,-3.6037735172980376,2.448887095323682,-1.333986357371956,0.5500962933817781,-1.0845513758654672,3.274484928991449,-0.7249073893681299,0
-1.6851880342918628,-0.15881464039966972,0.8597800004793904,-0.39717879454149796,-1.7194201694274351,-1.5049369635215921,-0.039715272842398175,1.0721869312564318,1
-1.3986953869798442,-1.7577757991967764,-0.47740822901216906,1.0801605814701816,-2.4904194990213426,-1.1271266952561705,-2.265932605393197,-2.056076220065323,2
-0.2812871260092549,7.148461278956426,-0.7236403537346264,0.21144621095784755,2.9337501600548657,-1.2096653368502253,-1.3385448023166584,5.528870917415449,1
1.798343777033978,-1.7427971316810404,0.7533034051726425,-1.3054645220375845,0.6459658912334525,0.18185041548270886,0.7666218662364199,-0.5038755406315883,1
-1.1525118376321242,-0.875037011442211,0.353611918934593,-0.1432503340455601,0.9172286151952616,-1.1589578025996399,3.3667129485299907,-0.8185245617243504,0
-0.15617331256898626,-0.4052024161562219,3.1103068637520694,-0.7922463954036858,-2.7529414910946257,-0.26958301259798156,0.042668389692792075,3.442862165089902,2
1.5247077131110336,-2.5199780864316383,3.3175205142565907,0.014572002721353838,-1.1459157557097197,-0.6368457999126284,1.43074320028578,1.0345522265231408,2
-1.315496686616387,2.34932542042109,-0.5832107775511248,-0.9128628404066902,0.7780294022959533,-1.2330710666321918,0.13737307951142008,1.8020724405398487,0
0.08513096639231166,-0.6924853100362031,1.2462437234168418,-0.17757591821191554,0.03096075620475669,-0.4988407665448841,1.6534083620479407,0.5403353325088887,0
2.367109551515779,-2.2124387623085986,3.418197165635866,0.7969505864903585,-0.7218934564141026,-1.574693058842606,0.08697177457123095,1.1443892445415262,0
0.2856088327916513,-1.589700455293603,0.5272874858922983,-1.7409850408853476,0.8227381666239226,-1.4216387234401657,1.8107585008439018,-0.5706357019158714,1
2.0415756235991527,-2.8746512845179555,1.5149788854646156,1.9070369193878611,2.4015037196255102,-5.441211652880934,0.724207018281839,-2.406397636956273,2
-1.414145841063843,2.7421226542867245,-1.8400629740177838,1.0530786825186595,0.44762280345829053,-1.0076740939507574,-2.1708332853826606,0.36904771711266415,1
0.3428102187015749,1.4833416048909478,-1.0320578775730391,-1.1312722329488976,2.4368888877449475,1.5893452241668165,2.269926565949548,0.3084306503485079,1
-1.6199083041244555,2.373824845895667,-0.8822359166115752,-0.23408699605744576,0.6316196168758264,0.6511065589029432,1.1525900858311595,1.253456609200638,0
0.9794929617902055,0.5852081545388557,3.018107647736909,1.9074153105085014,-0.48241995438110674,-1.4339048490463808,0.1368272343414585,2.8910627784504994,1
-1.8789831795284697,-0.23015257312986437,0.4668988459154237,-0.10770652785914292,0.5965330959449049,-3.434909941573371,2.096277216034628,-0.03493110651841702,2
-2.9777289556173177,3.0328583472490385,-2.2235843140436784,-1.079545829898495,1.3827958515689585,-1.5612103588097501,0.7512524336416276,0.7024080534056265,0
-2.080003443317433,0.1741441350051826,-1.4343821995010175,-0.8670014846431597,-1.2991277629624112,0.4954982558665444,-0.5566044473633556,-0.7265195213800608,2
-2.115353427124712,0.687371643094038,3.336347076472164,-0.2491826381468799,-2.7639298968607955,-2.87378910804963,0.6279018238047407,4.369876566281993,2
-4.727699379789945,-0.011605031800924799,-2.1401448643820093,-3.2236024480169734,-2.6085755961513613,-0.0406259985792804,0.32481672889322266,-0.6158609880512239,2
-0.44462608165259954,2.223148384471021,0.1207943103245774,-0.5589907041376441,0.6026021271616688,-1.5751741369321979,-0.6881109875782805,2.340695056859703,1
0.16986285215755348,-1.0055562638346114,-0.1382162114644632,-1.1211426007772638,0.5208318674259957,0.4730148158858142,1.4891139331228773,-0.8214045906391243,1
2.0519231136463167,-5.499136599750784,3.6267139716165167,-0.5059462986529618,-0.6900880369302935,-1.7555136757093943,2.9985101326443733,-1.4454669040891495,0
-1.1060134849666188,-0.03243626797045225,-1.1364019656597344,-1.349023049524732,1.241167925176962,0.21197887798039516,2.415750762659261,-1.014217969836047,1
-1.3464657969041416,0.6740347780313333,2.4623114507665145,0.14542838186615858,-3.2129107970836075,-0.4321160397366435,-0.6967025693852444,3.5484819345184078,0
2.7154892048761905,-3.312395685380493,3.53779227226439,0.4462780903139023,-0.5007707108848549,-1.6479447969616672,0.7810834863646539,0.2880842925174216,0
-0.35270237853082,3.3476119557642696,-3.146311886059138,-2.660329188583237,2.9545322460506194,0.8838382905350977,-0.1326777351513322,0.587283575193434,0
4.15715446311163,-2.056974170243657,2.1731292182067983,0.009491968914419724,0.6738223089652132,2.0791475249999083,0.5587916758264461,0.20117943072491085,1
-0.9290613534977721,2.3976090857983725,1.0372759574453685,-1.5148814278990088,-1.2264131346594653,1.0006961645802033,0.04611376429589975,4.06040084673003,2
-0.7569657050303386,1.1400721708185342,0.9587498723780342,2.4833911234194446,-1.5103390001630945,0.09830609558644765,-0.9925093528319485,1.3677287828326399,1
-0.5586106551148133,1.2491484067688567,-6.169089501987501,-3.1536167393823904,3.7180487099826967,1.3178164126100809,-0.8131363342445335,-4.286382907751105,1
0.04824284546259405,-1.0086088444076955,-0.5211376704292628,-1.358372995331781,0.974520058121614,0.13138105978098613,1.6856387280145562,-1.2074504635615073,1
2.418223480337356,-2.9762139628991036,5.526765958198953,1.019170705533448,-3.8459843368052926,0.30175628023365886,-0.46751144714156756,3.001759698505353,2
1.4808499680367038,0.3599708436104497,0.4635706924995562,-3.25689755008923,3.0182036195336313,-4.63442266107567,0.1895328926199128,1.5065365785115286,0
-1.2499078956207286,2.5843498514231973,-1.7971886323991118,-1.4106267713034855,1.7949216144742577,0.8488508425439136,1.403460430803554,0.8015312839656978,0
2.2803265548409897,-2.5859240716829963,3.8743663829798685,0.001678074438236532,-0.9064446331121656,-2.5017151331386156,0.206005493635243,1.554475833095578,0
-0.8814601225794052,-0.0605819677149132,-1.1349217843744193,-2.460838586102981,1.2489148466717341,-1.048497800669656,1.3882498475819274,-0.56804954115227,2
2.540875699201619,-0.5827374364134223,0.9516283595226477,-0.7189039680410232,1.3774857879031297,1.0932203152487951,0.9061128463167891,0.46914338390667565,1
1.682893898612337,-3.957499132996493,3.0522400897957094,-0.28840314251962373,-1.5160788248961299,-0.49070561201469043,1.3341058685289424,-0.39812613050359547,1
0.631282259127959,-1.6535226285453712,2.410699827396935,0.23839106900936624,-0.5698082577682801,1.0514705241485571,3.034607753414998,0.6811789546396854,1
0.2312451538856638,-1.9283055552027049,2.3224234076810886,-2.0643416870185476,-0.8497797712834099,-1.14299299347326,1.9990074515382559,1.2777069403865737,2
-1.2887188266854128,-0.5348956827500385,-0.04364859312170265,0.5153352771416371,-0.19438027330307428,-1.9658462355038675,0.4607467746696253,-0.8030250307213986,2
-0.39693941954850376,1.9116131109791152,0.32723012800347434,-3.6034835871812128,0.3945262822091702,1.9248650069980133,2.0886131523876514,3.3352224158073236,2
-1.8755199893296675,1.7986344233583504,-0.9275142336681267,-0.36505892503794013,0.5016965053072104,0.23228154292608272,1.3606529492678194,0.7113530514356735,0
2.0872583755619862,-4.366090340146838,3.136466062916134,-1.497214750333982,-0.46006002620039654,-1.5557052312680826,2.1947826055722413,-0.468707092684554,0
1.1531057207185935,-1.98275226791322,1.194084074345501,-2.8047108742699844,0.08940228644352244,-0.021275778948344426,1.5713206874846875,0.3023663187819291,0
-1.4451550659320598,0.752320718138026,0.48711501251960604,1.8625864935144278,-2.078014985269087,0.0364276868065887,-1.2204196070959494,0.8588497892389102,1
-2.061832023553623,-2.549239246400389,-0.5485003000756022,-2.023085174260251,-1.105620017373142,-1.54316537719295,1.357083910953193,-2.1550025828414476,2
-2.4254225423672153,-0.6365279064988533,-1.1627523316558492,-0.6020624234287383,0.003370069286281918,-2.376545484694776,0.8930287834631147,-1.6751098352955909,2
1.8101894500760694,0.06302181849869283,-0.500185646950941,-0.5347351228228283,1.6202667103827069,2.485289809264066,0.9928759214353045,-0.4732181416727178,1
0.45781983410057947,-1.3252778145561304,2.545013886369227,0.016759473781718714,-2.507988292735954,0.34012339465526664,-0.2701018661321235,1.7078492382673067,2
-0.2518738382737079,-0.9127614662781165,0.9855393486271072,-1.5620751967641187,0.9923337632551698,-3.1114654177924423,1.8446957342113839,0.38614862082840307,0
-0.6374920493077041,1.0208951659115255,0.1193493673363896,-1.5967424341782686,2.9123280671976026,-1.6916787165927287,4.043856792382004,0.9334458969859517,2
0.5537307310087747,-3.5164362605364263,3.460237634430769,2.998107470709112,-3.7834839238467395,-0.21659510982140717,-0.539312921848133,-0.37379115715776035,1
0.876843629677464,-2.442913765744733,3.837186448174865,0.11549318194654457,-0.7999795013980244,-2.7018757039966252,2.1222028279730845,1.43894517955058,0
-1.879673352360073,-0.10043822163504838,-0.270844522226347,-0.6649695230734971,-0.7466104871777457,-1.6407597733648056,0.22460245554751856,-0.07315264421643208,2
-0.8369328138170279,-4.424557416937331,2.644427684536968,0.058358672381075616,-4.505656897083435,-0.5420474252482406,-0.024331175751720835,-0.8710224725003282,1
-0.46682667677149214,0.5200910125219564,-0.3892176832437349,-1.3193032540213434,1.0592099304898075,-0.41954500335669465,1.3735675987202336,0.33579768896782214,0
-0.6501458969768215,-2.3342916264598306,1.1328136958907011,-0.5405508577567004,-2.476050980858634,-1.0734060627130664,-0.6754293135522644,-0.4628853976158962,1
1.436292490947986,-2.505053225002221,2.9822419190886755,-2.0262683454676598,-1.2534323925472723,-2.43104279257461,-0.045695851242624874,1.571851975916243,0
-2.1100754673245414,-0.44400359431915826,-1.6012594410870151,-1.5650523654610304,-0.3142954319933675,-0.5157012003100827,0.6150044713043041,-1.4560946438938922,2
2.806167332984857,0.7159221644751314,0.8388798658486252,2.544823910844858,1.3401131244372908,-1.6170999465993252,-2.715324072920187,0.5264344538705572,1
0.4795532827392135,2.6938074016833613,0.4298006928130118,-2.2767840515953854,1.142409836484385,-2.609017486737406,-1.5969165703552104,3.7213183632308264,0
0.29423042690687184,-1.522562042545855,0.41385595264094027,-1.7989086525838889,-0.825699667704121,-2.546109915184388,-1.7493358221068287,-0.13239215909649327,2
-1.5832994716303124,2.3768580544477342,-0.07884771110609329,-0.935208240366283,0.4999722680720301,-0.8427657030775518,0.9847592980460231,2.3306085300235657,0
-1.5554375862096088,-0.9943381980039379,-0.4604717131000727,-1.775025473048531,1.3968319043567279,-2.4011611645549724,3.0743826882172405,-1.2051907661520262,2
0.8396224086446211,-1.6105482162679203,2.766467160769063,0.06121367780600573,-0.5967745811541698,-1.0015830666065892,1.7451356209056346,1.1980409115850261,0
2.381981459925713,-3.5990136191674518,3.7632651000748996,0.546082944346177,-0.63853126056143,-1.7804294580875417,1.4209826752854633,0.17671926421218054,0
-2.054723213987951,-0.4632138950473674,0.6251767725950264,-1.391218080335042,-0.8695510361109742,-1.8515811543640899,1.6057748122093862,0.6799143910597334,2
0.7485023947802392,-1.4577848971022955,2.919753968329427,0.5630876193429146,-1.4353879420402067,-0.3842214289385376,1.0164934124320604,1.4901747048337284,0
0.4042410715054363,1.0428662199543797,1.4453597858494545,0.6822795003601387,-0.6027646352121013,-0.9574936839787074,-1.0767006200718894,2.316269303150917,1
-1.3296199185197393,0.3164307152219078,0.6032059625660084,-4.414453703274013,-1.3187685246875605,1.4108184741323329,1.859304958359786,2.6740713578541286,2
1.3188973586629082,-3.7154026392814625,3.273189064857901,-0.9635309603688997,-0.5098081827173251,-1.6388678788738105,2.8729714347435387,0.024659513792268495,0
-1.6000595510177225,1.1835776563276095,0.3542229460592207,0.8738966963420916,-0.9427759118875334,-1.2561323172349772,-0.4215554280214924,1.2553854497542694,1
-3.447323509330158,2.397641596635494,0.3877582742416298,-1.8799235488003072,-0.6344165333475238,-2.5223687277373488,1.4483520785536521,3.2588361905083487,2
-0.7616832520926118,-4.129283564895941,2.435908341848768,-0.560650184347836,-4.188930451844932,-0.5004565632974072,0.004230018287449955,-0.6135109209250236,1
2.3286322622266242,-2.5164109997873143,2.134489790201802,-1.0820193096735566,-0.7353489471602701,-0.8996931700113687,-0.668561647389466,0.3581745462734147,0
-0.16447245338958616,0.4483188850469692,1.1648494192409768,0.37111301336181524,-0.7218320383521574,-0.4255275482376717,-0.021981371355225043,1.5454430743848353,2
2.853539877102741,-2.276296073046429,0.6913813585461439,-1.4376303274802154,0.9363120465806191,0.007904213659817638,-0.1457595016168678,-0.9875857816672204,1
-3.313361018406037,6.675106164086821,-3.6934751046240804,-2.196492630664506,2.423332629959754,-1.764179936540545,-1.3691244771093012,3.05650777190055,0
-2.1512629394070686,2.402281100356882,-0.17592195689717957,0.18714185118142956,-0.46315298054367826,0.14229067428133302,0.6934787335394985,2.005050182420722,0
3.4233932437110877,-4.507167860259919,4.7820842909631995,2.0915020534620483,-3.002128213080587,0.23941442597493823,-0.7246648433403013,0.3100485670822969,2
0.3301095889986292,-0.7147184573674767,-0.002692602031850298,-0.43964923856280325,0.5107591419466138,1.4596652792931928,1.822720377889053,-0.671913490330645,1
-1.9401342762648706,-0.7733610014032233,1.2900621628214715,-0.7250460689956769,-2.1452540181351205,-1.811605957307426,0.4343941533975648,1.0737614030541383,2
-1.4668420911402025,1.1297801049541507,-2.005162341204321,-4.238479991215337,-1.0598758250539415,1.992394658872508,-1.0327556951116874,0.9244358523560778,2
2.1122926805284443,-3.7819343708489424,4.226467439902314,0.5775808524035324,-0.5997691781708512,-2.1748534737832887,2.315265087783746,0.3787515861727063,0
-2.446644126633335,-0.9283852359959781,1.0171274721864674,0.00233339478711192,-3.304716103345393,-0.38706077220066937,-0.02421994488651147,0.6043807499417174,1
1.4565970099440078,-2.7067116436964525,2.468177316607688,-1.3415542211798108,-0.5795531846865161,-1.2312936584077507,1.1971830909787977,0.4445069145527635,0
-1.4730365365321185,-1.3087724509013583,-0.923855906610632,-0.6145447656097754,-0.20873838727578908,-1.6431305807267513,0.41541998334667696,-1.9701569310763438,2
0.009771885480530651,-0.7563966886972645,2.5861924476719436,-0.47556224275018144,-1.7191015778528769,-0.6200948865273378,0.7137784800774556,2.260585653303333,2
0.8546808475761909,-3.3440288156799785,0.18676564693492098,-0.41322693587708526,-3.8925471355448407,-1.3162536785573982,-5.838596274779704,-1.8291514163302458,2
3.6339385461032765,-0.8651965196278993,-0.6163528505793109,-1.4182530461654808,2.1126956168407545,1.5318216979319494,-0.9781148491968314,-1.0587628458510407,1
-0.6327937568736619,-0.04096907798981289,2.566333582426556,-1.3321298233735641,-2.134980088402636,-1.3079514583605805,0.13029943565184865,3.3198046467426994,0
1.452038393014424,-4.4625927196228,0.3647442491784527,3.1572896130150223,0.6144600753880305,-4.308822453818203,-1.064490090103192,-5.123182993933846,2
-2.5652774803201837,1.7829257638374272,-0.8662152631832454,0.5807209728828893,0.10700417745812618,1.7315147294165714,2.7415151288268307,0.3833207824415862,0
-0.5010619538635566,2.6616860263908326,0.9415827708648827,1.4526036009757588,-0.3335853011749973,-0.8452425718795049,-1.036087498330757,2.984051908425653,1
-0.9777899396307419,1.9369662517497939,-4.32240841105812,-1.9022405523937789,3.3942237731829565,1.8874121514865543,1.4636526485545043,-2.36848899311189,1
1.2534392374775463,-1.880547180458135,3.209751103671935,0.02889765341414341,-1.1344083710167052,-1.2787577084139394,0.8550252638819853,1.5421741198540126,0
1.1546276791231016,-1.8268817431641005,1.4345318777070597,-0.18434563760654354,0.0393803820933919,0.7869249764527187,1.9607742432728639,-0.31521977582458716,1
3.2964304955059127,-3.5958401195618412,0.9067363707616778,0.2655359155271557,1.8830476755455186,-4.152414494157468,-1.1776717148830853,-2.8147296788940293,2
-3.4341503104924236,-0.529299750525632,-1.6220000306202649,-1.5774203381171117,-3.8070787246305815,0.6998074591069836,-2.1219243632337585,-0.8337966067829108,2
-1.4101796360944108,1.6740156315015344,-0.6089156483901711,-4.406652226130055,1.999179774268713,-1.3738437239625996,2.8903875137969264,2.1041184462433677,2
1.7344119555876965,-2.845102926731802,2.6739417073919984,0.13368267424474367,0.3641221632885927,-0.23552841354028276,3.1515478547465983,-0.2942159337886552,0
-1.4034145757732739,1.4292916610773407,1.14169204767806,0.03741556681862712,-0.8599176547215275,-1.1838472835830764,0.418040692359157,2.529973956665763,0
0.07120109052410606,-2.996944859385464,0.21135465355419392,-1.4003932746781207,-1.351346174746847,0.43051932872319765,0.4105587568566307,-1.881956020530065,2
2.991759050947846,-4.0392571056604645,4.321581191739171,0.8585979130278945,-1.5572219030454333,0.6076869489285854,1.6738556174889598,0.38140035542393935,1
-3.530829945130293,-0.4684600437065451,-1.9342050048310868,1.0557948090194582,-0.7995838287184971,-0.4276456041526637,1.2715894441987259,-2.804332793862174,2
-2.572806179040068,-0.5085934775478115,-1.1748944963739687,-0.8102900865900212,-3.181805215618009,0.3875158013914879,-2.1194681489642457,-0.7489476759321059,2
0.6411332948619446,1.0356162191170701,2.259485447130569,-0.9330590433100533,0.6131111852911864,-0.05971465176850188,2.3353298821997512,3.3504103682937094,2
-0.7421297709464427,0.9427674665738963,-0.3615296603606431,-3.2095162919623865,-1.2292330290288405,0.1798690944283119,-1.461915701896069,2.0291714820444544,2
-0.937549749908571,2.1724915212478733,-1.484255821063719,-1.302626774448365,1.5138514275896313,-0.36746655487153446,0.33658496571689966,0.7808655138945859,0
-2.575972793727784,1.8414758502817614,-2.4638602163183667,-6.1704899297939235,-1.3032286194039573,2.308158437963601,-0.4296855391242217,1.8597645976072377,2
-0.005876759898196138,-4.826925869819526,2.295384075034804,0.41640080949250713,-2.9898279343344507,-1.8719465720442048,0.031133889125064984,-1.983672427296339,2
-0.1783944373254459,-2.5913975049271336,1.7300686476854505,-0.9612675195485701,-2.344809309793363,-0.40650535406400823,0.27886351545719334,-0.009403648621829186,2
-0.033583035175088316,0.03740470288321539,-2.8812721828520975,-1.8521358935208276,1.9137380588909747,1.1794302244878994,0.34594123321014436,-2.430962467238282,1
-0.4990608784995082,0.6440540616674606,0.726914493006046,-0.5272383841563867,0.22557261157479158,-2.0491393340558135,0.26626093283749097,1.434246451838787,0
0.9304300326672466,-0.26013213508904287,2.6836444965685122,1.6318907092640105,-2.606745866397519,-0.5617481136851139,-2.408153310033996,2.376987810661962,0
-1.0027703803799906,-1.5981361092161965,0.5888571068107645,-0.4247393990925099,-0.1798879242303515,-2.0708008697871305,1.5976481748931597,-0.8858225427148056,2
-1.51403770088301,-1.5756059485056277,0.3395390960980536,-0.05787497044624845,-2.5166345316402987,-2.2882427410547024,-1.8711959023256979,-0.6791646587387714,2
2.148910641608314,-1.147389488493089,-0.06602578903873216,-1.2092375801362718,0.791765685554954,1.621701808656872,0.018678919530861093,-0.7393542299374668,1
0.3804360093288113,-2.312549642558556,2.615228451147429,-0.4715039839073374,-0.3567963221843393,-1.89121629741124,2.502267132656258,0.47905014831628845,2
0.016025663405586865,0.3373450925224637,2.7386275366411015,-0.04260622403742098,-2.2114039839731796,0.10917681347655206,-0.13307885050214585,3.421558260320537,2
-1.0173594019869268,1.4073460039803505,-1.5312817122891194,-1.3083812906040484,1.7884825254549765,0.33714343001827474,1.7969663561858473,-0.10974834107797538,0
3.324317152404565,-2.90251231737263,4.371408542071822,2.3025481406153525,-3.6141895302306324,1.5852367992070358,-2.2175164101976974,1.544654075220586,2
-1.1452086289403682,-1.6961884457310836,-1.2775784616022143,-1.8352712598259255,-1.0296286185064496,-1.1011115885329594,-1.05951512192838,-1.9822284737978593,2
-6.526579994714432,5.707277233601836,-3.5347338831672297,-5.02845813108779,4.411971619061154,-4.216937835616822,5.903708074922289,2.5037630299074243,2
-0.5446221454279452,-1.5266653631671456,-1.8354133989166388,-0.216376787321653,0.059752761579344726,-0.10563083611303536,-0.5388254958598586,-3.1721500215259106,2
1.0374513142517248,-3.2649553331880186,3.005093601384368,-0.9336588691792007,-0.541475581027264,-1.3914856189544333,2.761449720015027,0.18129707890625568,0
2.7737885671639906,-1.361163208427453,1.3766994878275065,-2.121098741361987,0.8792518413163961,-0.06831219033183034,0.19419825770822907,0.8030379963864419,0
-1.833867787056683,-0.6345484006441118,-1.1759691208147975,-1.129431044279038,-0.07975822989594594,-1.1664275337151389,0.7642822577844945,-1.4306611018286954,2
1.3855611432742938,-2.884313991161046,-1.4137612171990313,-1.5787606523862001,0.5999165285958128,0.07144580362662112,-0.8016419499829894,-3.537363421697849,1
1.3802151935444669,-2.673513164209369,3.9396362639457796,2.12825334523314,-2.235898974514812,-1.8289434673501483,-0.2219297320700766,0.9547166005854132,1
-3.1943515126220885,-2.5932963796087565,-0.7280771395931751,2.809131608541316,-5.580821581336397,-0.5619117888297596,-4.127691665766701,-3.1747329305332492,2
-1.2682536878419963,1.671366233872349,-0.778643610785129,-0.5365509368260818,1.7642128217112472,1.6468201230825317,3.7242676740122036,0.49343348212902427,1
1.1680238440398858,-0.6434026448283748,0.1818625896717701,0.299403365148299,-0.5248231473532674,1.7393063023520297,-0.7272708187997805,-0.3568932218786758,2
-1.7222544996373945,3.743381943799299,-2.0623157458172647,1.4815435453562151,1.3897563596204199,-2.0564564106298278,-1.9258186843183478,0.738753567214324,1
-3.125406828236329,3.345451547700784,-4.274585010282901,-1.4612476246457717,2.313014023610834,1.404876841639818,1.6519380421058614,-1.0552762479918552,0
0.3618128001878773,-2.3406028752251857,2.279482138661771,0.7271829984661509,-1.7066146698404634,-1.2615606290703112,0.28182252843845157,0.024102780786804057,2
3.055318463290456,-2.6506213235203924,2.255272439003874,-0.43793330065759806,-0.4514918137093824,1.106225006082176,0.257753294988296,0.05207777260285362,1
-1.3435876888039806,-1.420819054205216,2.5319218463806274,0.3542828055989332,-3.1042392661956764,-0.8034770461365436,0.6341108690101185,1.4564985816909717,1
1.3249609346438866,-2.0848627726532203,2.4254482906985837,-1.4896064673508227,-0.146082184826544,-0.5450935217873991,2.0989282529348174,0.9282999565987462,0
-2.104101341517029,4.308218851841032,-4.848500077274999,-3.365634197449649,4.184541469245309,-1.2520982662869604,0.171451881392241,-0.21936493668391965,0
0.26173583502078224,-4.114705433786481,1.293413962994372,-1.532274669109153,-0.8175639456904518,-1.9629058574443818,1.4766207946049326,-1.9963364569294604,1
0.5247764816613547,-1.1873358212168177,0.5239732921550244,-0.3691204857980709,1.0248498343569818,-2.987094334129619,0.3068722271549458,-0.6782309385992975,2
0.5026075656771114,-0.9009302588920858,0.48475551426144736,0.8768169457512066,-1.2126667351002247,-0.8120508178087571,-2.0872277948041233,-0.3817377412594163,1
-0.36297158374830174,-2.1982124477599703,2.973770669233123,0.244791663759512,-3.2028480044315044,-1.359074803066218,-0.2411156020975227,1.2869936351741083,2
-0.6542952108365092,-0.39155909539371203,0.9220279108261352,0.10135474884242979,0.21199527313585587,1.539103851701619,3.754317993523667,0.25345550500652747,1
0.34888877926394235,-2.4214874038604233,3.2606196374582916,-0.09533283097136691,-0.6370629264628094,-3.999056300319053,1.5333355345939235,0.943722515824655,0
0.08180797379582028,-3.747447864957759,0.5143265096464325,-1.5926374290930214,-0.6476466479911198,-1.8350348247558976,0.8617058697104507,-2.3925907686597006,1
-1.8349945861078827,-0.7530387247504331,-0.5762787271573416,-0.5149902753911508,-2.3250873843540685,-0.7258723212003,-1.6992081340285705,-0.6620753840980839,2
-1.9142557066876629,2.7364994916789107,-3.3450582579824926,1.8975601257698438,-0.066745179615735,0.09895858673950331,-3.52845283430962,-1.2818663974394067,1
-1.4620578576134102,3.4981319639496533,-0.9690490999608645,3.177246113571584,-0.6104274051997944,0.6987264099061123,-2.2129591062076885,1.335581993632516,1
1.2315654689983115,-3.5545800908494636,2.395898288937605,-2.670724216361947,-0.7535971293777561,-1.5268003154730614,1.6468456214121248,0.07089046755391593,0
-2.1617377065890655,1.667738929981539,-2.3216777776022766,0.0541476754537803,-0.7688665718773786,-0.5072531481045708,-2.4842724926282727,-0.5358811788731959,1
-0.38632790405977824,-1.1288421909019344,3.787854925235038,0.583336275442123,-2.9747762461151823,-2.4070725080208324,-0.23814514591900693,2.9212288757128304,0
3.111241681630648,-0.8898292025662088,0.9322567585776121,-2.2814589163892856,1.4592127566541855,0.6960969931262724,0.28172488589324396,0.7887739275175494,0
1.366132287091458,-1.4630526149203007,1.80245941749013,-1.4600669559661288,-0.7240886585563197,-0.13851503333323978,0.19876766237356236,1.1016075010670108,0
1.2933454812844598,1.4842491727607618,-2.180201290450471,-0.8174419351737532,3.004081697618743,2.742972011709906,1.0588218909402396,-0.9279492127499016,1
-2.966404143625561,-0.4280133677471345,-1.128952963515215,-1.1773667072495704,-0.22226090919931762,-2.3923684986576648,1.283158208101471,-1.2253937763069143,2
-3.073045353103736,0.06790179934786351,-0.8242667902992066,-1.4003125210062566,-2.6762317760268637,-0.50063761261252,-1.0547092929205615,0.1963179384774436,2
0.7508305708940803,-0.781963268353949,0.842828026852179,-0.0674724820634085,-0.24105569496044066,-2.2980806046636206,-1.4357497096829932,0.23252461212871767,2
-2.4525566164919654,3.388840255595731,-1.9231094753017788,-0.38176272538128164,0.6602300716296701,1.3020669722039964,0.8727916548926525,1.2371761248600968,0
0.1738094413470035,-2.5998816213470097,4.466402732680706,-1.9803706562109706,-1.210663826924576,-3.9677902107831136,2.773580706950331,2.7060889721882786,0
-0.39147124584645665,-0.3656724077972771,3.578745853617095,0.03162852536472549,-1.990850192368095,-1.6908855228872444,1.1085612785622205,3.414780768103618,0
-0.06408266700334364,-0.7964218768186742,2.1337457426180184,-1.5921303193265253,-1.00861208141331,-0.6362881278513983,1.4978183793903856,2.0354189699671794,0
-0.38486182244518374,-2.4866986446722246,3.745075320472027,-0.8371048784377839,-2.770763940696966,-1.7836899458118727,1.4795262240945597,2.0120647847125945,2
-2.019048873288066,-1.6403461404196622,0.03703958565736964,2.558846865338842,-4.770835879275368,-0.507772748276794,-4.120948793283103,-1.5226775289584504,2
0.6501257327455584,-3.9210872126206566,2.116268268720119,-2.42965563106406,-0.570362616882158,-0.9871591321700728,2.996269713693625,-0.7616732242149233,0
-1.181105321484271,0.7573263804579329,-0.3731316722639083,-1.1905909225341311,1.0807609598278898,-1.0404203811060462,1.876363704936497,0.4657694287133415,2
0.38479222489210185,-0.4738639544115946,-0.24238289183229136,-1.5485828636071972,2.874208419103404,-2.7875103651585427,2.2491300788002473,-0.7325944446208762,2
0.711765279728003,-1.840454371261419,1.567525729044766,-0.8946192549001293,-0.004611175585943483,-0.38681245330411773,1.9945379892372426,0.051341357248438246,1
-1.3206538439129256,-1.3989533105024508,1.3045180499761548,0.178227117751659,-0.7281171537466351,-3.0147962441283367,1.2782560394285483,-0.1318344260774924,2
-2.002298979503883,5.096827334191796,-3.1435010385957596,-2.7783633081407713,2.5490475020535794,-1.713393550661264,-1.251888908027603,2.3396559622518613,0
4.381188157749786,-6.553355102174388,3.4915301258680826,-2.113118669483706,0.04938626803469437,-2.8608217713538946,0.7167437260160189,-1.9039211062182253,0
4.206641005277151,-3.7628947458525537,0.8094811749690275,-1.645213973589388,1.2504968969553154,1.4015483019776163,0.4644941429954761,-2.2279717334361155,0
-1.0591830724436258,2.5021300088479683,-5.2236215823010514,-2.1533250427154513,3.6411641233250656,2.3019154505619195,0.7583808428042972,-2.626506911222836,1
-1.2401243819049377,-2.72423983099554,3.4639464190240283,0.795075412580853,-3.496573241129299,-1.555671746845602,1.342911488365726,0.9944051091956041,1
-1.5903282460231245,1.476101588581456,-0.09334239800550001,-1.6085078550685712,-0.4206995889977201,-0.18562963536639943,0.6228880493709231,1.9041760536383936,2
-1.4090419797352465,0.5028722344625978,0.817589442844419,-0.8900926567140224,-0.05986283778647894,-4.122929899376101,-0.024383958866587063,1.5392008924064897,0
0.1417426874177523,-1.0249463458715433,0.7731664946588199,-1.609016285843718,-0.1752317962920712,0.4275919621798534,1.637365049751473,0.35365038674648386,2
1.5051186028276988,-3.0017731605059774,3.2204515353681296,0.39980014807080844,-1.735118395448884,-1.4329710964172304,0.1322659079096946,0.4975391477400384,0
-0.6201011819591631,-2.097283742934025,0.23059243072584595,-1.0111458251125907,0.326742192898289,-1.7073962927652053,2.013890067753602,-1.5811287609010938,2
-1.9501241219088403,0.2466655738370069,-2.0958568677409035,-1.1990198525445352,-0.21114826443244672,0.9031177620731683,0.3884423084193418,-1.4119083938432913,2
0.6369880958726091,-3.8778152937826174,3.847623229361072,-2.2816329767730146,-0.7328757655938782,-3.186604215858636,3.4466070711434744,0.9057444910028882,0
-0.054441865070400275,0.9010038379798693,0.12490139720051638,-1.446068342071176,1.5305279299884134,-2.6280378614862725,0.44933783156609486,1.2092339208651905,0
-1.226836944148276,0.5130505063033317,0.5699975765413454,1.1468320527923048,-1.587566732255425,-0.7799657292848939,-0.978380032825293,0.8869864186522517,1
1.549140261067759,-0.9344128275930741,0.8182563457794998,-0.41758546837943333,-1.0915331157043373,-1.240089571395532,-3.1133700494678904,0.47296397876025353,2
-1.4404134906058803,-0.5418879973699653,2.8191162458096763,0.20388011995026423,-2.543970854073865,-1.235074751415813,1.1854351598120396,2.4954632695823555,1
1.1216492962938873,1.3235818234542949,-0.16783631077467864,0.08457416341885415,2.0875111295372877,3.082309005711912,2.682169414018335,0.6248484472945748,1
-2.2531910568779576,3.452784162316697,-2.362467337575138,-1.3183143354930076,1.4443350418613106,-0.7233550263497145,-0.056926555262748924,1.1215475305545586,0
0.0036888640011940588,1.250672705836791,0.7414803099300553,2.503757471126634,-1.4303104726112545,0.7674537013462714,-1.8682886316464267,1.3174680338441496,1
-3.564051602708271,1.0576007156419045,-1.1377521588988242,0.7512784536689179,-2.384698877120158,-0.12751859787045827,-0.9042852501592236,-0.06451982279051482,1
0.3548582126895814,-2.5044691632270477,1.1150139398118954,-2.122195644179,-1.4915145301667532,0.9853729459431306,1.0772969415725668,-0.24668569517241834,2
1.4749010943865577,-2.613403766854152,3.7022154841912154,-0.451739111657417,-0.29663362544145677,-1.9367469616690798,2.5666003459133817,1.2784629466372692,0
0.595223426413835,-0.019704981486468327,-0.7703218715477195,-3.1131935530526387,2.365883561232977,-1.3158165579727417,1.3406844349669416,-0.06518434295128595,2
-0.5061863166180638,-2.4540325863672066,2.545474288661207,0.7051478873724379,-0.6986355093908028,-1.213102286074061,3.582217679333759,-0.1938079135600117,0
-2.0179547025412874,0.6603327175585707,-1.2279368734363423,-4.194411087308318,0.6030569069113267,-0.9636841306565019,1.6812327455070162,0.7429326484798378,2
-3.9265182469940942,0.9526560675191489,-2.4290024084761592,0.546519223275044,-1.9172905036878367,-0.6363056526793096,-1.5551740910060723,-1.4200811267072226,1
1.3683335899402547,0.9605815694961971,1.565579899911736,0.8518200270267664,0.5626137295747449,-1.7842029600654117,-1.0083817126545394,2.1105739279240803,1
3.7334856524400157,-7.186964864778595,2.4417699553313876,-2.0109235626693485,1.8959097659160702,-0.6295285026688282,5.133274258482332,-4.13049797141148,0
-0.2224026797523111,-0.09959102351336202,2.162783977287695,-0.5426306682900506,-1.7393387207853133,0.15566109711890563,0.5855875488909877,2.503430142173327,0
1.1036003933670735,1.580758390941362,1.649480716799048,0.9218237449867954,1.3200766480725465,3.6757814091334287,3.977862966337324,2.406519715960073,1
0.6671154801725587,-2.584060234692008,-0.5567342906893841,-1.2346313130835294,-0.9408411225604093,-1.6988827955492036,-2.5223536855840756,-2.2256574078733324,2
-2.2604830076212097,0.0831442938063558,-1.6078539270538152,-2.8417037215011645,-0.8194425474750218,-0.07397747774389352,0.1274467500179446,-0.3629547357242301,2
0.697940120215256,-0.05405290197106894,1.1513135590161483,-1.110903661211015,-1.0346558734783504,0.6160279584575701,-0.5919163533342313,1.745829020614037,0
0.24843840750868673,3.1884048065450883,-1.2616052539670009,0.6555248046288085,1.7891639692437749,-1.5547907344269973,-2.3377075536464336,1.3405408849740736,1
2.9083895936437365,0.8550045096590038,-2.6636833031960006,-0.5598751654780496,2.5614148993799737,4.400221193076886,-1.1025119481296604,-1.8329385315798827,1
-0.1710688516867631,-1.481942725411532,0.11223499061613319,-2.1749706391882437,-2.5252646458655748,-1.4392239417881396,-3.3779741010894497,0.13015571299060613,2
-0.19143801707525798,-0.26541000636102824,0.1274099056554125,1.9202625514324412,-2.0758254951380657,0.9046117478242397,-2.2598900932484787,-0.3746431634015204,1
1.8698327431478887,-4.547364740312541,4.266868936493876,0.2872399565576509,-1.7601731745239917,-0.6761021562317764,2.4293622888035253,0.005782773632417859,1
2.7822347409462944,-4.235649642119443,1.5301992686983747,-2.193704125647046,1.3556010681587707,0.3077256463040128,3.2451052674656213,-1.9860928985733097,0
2.3276443130182045,-3.371196235211518,0.04069208889920436,-1.3519209292418894,-0.0005990535062003755,0.030873290972223244,-0.9862935388834417,-2.509334992112984,1
0.0899454371047228,0.16646927627376998,-0.7296930931297431,-1.3671053366780317,1.6798887358128667,0.16702908035659503,1.7389337517122736,-0.4178711762541969,1
0.053096412960779826,1.2211548092234512,-0.4186147669832878,-3.9370507274818274,1.4981091191625766,-0.7325566859934094,0.8965066314196597,1.9333339663840046,2
-0.575567783401138,-1.305438510986288,-0.7391943814311493,-0.5550682957675238,-1.7767269853891972,-0.4138022666937574,-2.2984800613772878,-1.3473198997928457,2
-0.47551907597193976,-1.9125499486953947,-1.0381479359322547,-0.036783923792474416,-2.303704603766113,-0.092265911765122,-3.1070044042977947,-2.2732973292367475,2
-1.8764045492465478,0.670554089616946,1.3888392193304198,0.40061125155467203,-0.9014530286710656,-1.6638639678191856,1.479365754020081,1.8440227251286645,0
-1.5134381276829063,1.53759180064604,-0.2988794016278998,-1.8711180945948862,0.6181502307147257,-0.2749473592996937,1.8153455356669523,1.61841480251483,2
-2.1954928934351625,-1.4556389754156722,2.65411646721414,2.377806398193133,-1.9955024027792674,-0.12255747895735247,4.040393502952734,0.37649550476872096,0
1.270584210216301,-1.0609397362062776,3.1830503135019397,1.3639229911956603,-0.9166788186507735,2.8433083949315723,3.263496891053102,1.6630516368065926,1
-0.12188811336809369,-0.6961143060775903,-0.3648349645854997,-2.3074967013696215,-2.2364283092177324,-0.08171208261344454,-3.1765951764427807,0.4123134392927714,2
-1.8539051889436706,-0.4322096605221358,-0.08260155461105005,-0.2162187577336554,-3.972991440380239,-0.13868639815985462,-3.479045435877217,0.40017133172008257,2
0.8379575785330746,-2.0608289950886864,-1.4847741440405449,-1.7028188830521809,2.3070917373034083,-1.6335117776302628,0.9221774731345622,-3.203843072320507,2
0.24571111676507273,-3.652454468051084,3.872000023477183,1.4424646695354313,-2.4314529356542103,-3.1572656645801307,0.8323610328026205,0.14523492547559635,2
0.6286656341679853,-0.8915715266357487,0.08321620277572356,-1.7876605283368592,-1.1632353671882647,-0.9223355379526339,-2.497586127732795,0.2640516181967656,2
0.1267997025009694,-3.362620444453362,3.7422931181471775,0.5186537465407217,-2.2063252323788154,0.031577886506063635,3.2722805613748096,0.5053755124083434,1
-0.615965968469731,0.6355948039375124,-2.4459355377844445,-1.4728208006436916,1.9067593458435181,1.1113496767347568,1.2664087653554976,-1.6486875839694075,1
-1.7695531538015206,-1.577824307911991,1.8200337371292785,-0.1891754487106958,-3.146053853183618,-0.8319719126899607,0.41261984495765036,0.8186595079009346,1
-3.1769984675082505,3.6960896162247807,-1.191069204826938,-1.9870808270542393,-0.3860641114984119,-0.05868109761940943,0.2672434640001693,3.0343738818017654,2
1.570638863691065,-1.0860606436705451,2.1869117253103942,-2.086234218582531,1.0458809548816062,-3.2461994877128637,0.9060286856953375,1.7051277693759994,0
-1.0176963655552582,-0.30898882649874376,1.1664991979205876,1.3547644692812377,-1.0052785686251613,2.87541319893195,3.3912453835989513,0.3267378514735463,0
2.5696003558751412,-4.396005479116182,-1.8173801395441447,-3.094614132494269,0.9503439392515601,-1.9938640722254881,-2.7477278076990372,-4.728763551098041,1
